3670,the
3089,and
1386,of
1366,to
1306,a
1070,he
859,in
764,it
761,you
730,i
725,his
614,was
614,that
551,on
473,with
469,him
446,toad
435,as
433,s
427,at
411,for
395,they
367,rat
366,all
339,had
314,up
314,mole
313,be
312,said
284,but
255,so
252,by
235,them
233,very
232,t
228,what
224,we
223,out
205,this
200,is
198,when
195,there
193,then
193,or
186,not
175,their
175,into
174,from
166,have
165,my
164,one
160,down
159,now
157,were
157,me
154,badger
152,about
146,an
142,no
135,do
132,time
132,himself
131,well
131,little
129,if
128,again
124,your
123,been
120,ll
114,last
113,some
112,over
112,here
110,more
109,could
109,back
108,know
106,are
105,off
103,ve
103,come
101,see
100,o
98,never
97,way
97,other
96,through
95,just
93,who
92,too
92,its
90,good
90,along
89,which
89,like
88,will
87,old
87,long
86,only
86,any
85,water
85,go
84,would
84,how
84,can
83,got
82,still
80,great
78,where
77,quite
76,re
76,home
75,while
73,river
73,get
73,don
71,seemed
70,much
70,animals
70,animal
69,two
69,once
67,went
67,came
66,till
66,things
66,before
65,round
65,m
64,look
63,us
63,take
63,something
63,going
62,took
61,thing
61,made
61,course
60,side
60,away
58,saw
58,did
58,day
57,she
57,night
56,heard
56,found
56,first
56,done
55,think
55,really
55,cried
55,always
55,after
54,tell
54,must
54,am
53,sort
53,looked
53,let
52,want
52,friends
52,far
51,morning
51,life
50,thought
50,shall
50,nothing
50,each
50,door
50,air
49,wood
49,why
49,mind
48,set
48,head
48,hall
47,every
46,road
46,full
45,make
44,such
44,say
44,replied
44,ratty
44,moment
44,indeed
44,behind
43,though
43,hard
42,own
42,ever
42,best
41,right
41,her
41,has
40,boat
40,began
39,stop
39,small
39,sat
39,horse
39,find
39,eyes
38,under
38,soon
38,even
38,bank
37,turned
37,poor
37,looking
37,knew
36,wild
36,table
36,presently
36,face
36,anything
35,simply
35,being
35,another
34,without
34,stood
34,should
34,our
34,may
34,left
34,lay
34,house
34,everything
34,em
33,yet
33,snow
33,might
33,across
32,world
32,put
32,place
32,mr
32,hour
32,friend
32,cold
31,trouble
31,those
31,rather
31,otter
31,dear
31,call
30,themselves
30,same
30,room
30,better
29,talk
29,suddenly
29,many
28,try
28,than
28,sit
28,fire
27,talking
27,sitting
27,quiet
27,ought
27,new
27,dark
27,bit
27,asked
26,upon
26,these
26,song
26,please
26,perhaps
26,people
26,late
26,front
26,feet
26,enough
26,end
26,both
25,turn
25,together
25,supper
25,sight
25,saying
25,motor-car
25,legs
25,hold
25,getting
25,fellow
24,work
24,voice
24,real
24,past
24,open
24,heart
24,give
24,feel
24,either
23,understand
23,tried
23,running
23,reached
23,paw
23,itself
23,hear
23,fellows
22,young
22,year
22,wouldn
22,whole
22,sun
22,stick
22,hole
22,held
22,happy
22,fresh
22,floor
22,fell
22,else
22,edge
22,clear
22,caught
21,wanted
21,next
21,most
21,light
21,keep
21,hand
21,gave
21,felt
21,deep
21,deal
21,country
21,coming
20,won
20,whatever
20,washing
20,warm
20,towards
20,told
20,sound
20,short
20,ready
20,lost
20,hot
20,fine
20,evening
20,dry
20,didn
20,d
20,continued
20,cart
20,between
20,bad
19,yourself
19,yes
19,washerwoman
19,waiting
19,since
19,rest
19,outside
19,laughing
19,hungry
19,help
19,further
19,days
19,against
18,weasels
18,tired
18,slowly
18,seen
18,run
18,pleasant
18,passed
18,part
18,others
18,money
18,minute
18,matter
18,low
18,having
18,grew
18,gone
18,gipsy
18,few
18,called
18,busy
18,breakfast
18,bed
18,above
17,weary
17,times
17,taken
17,remarked
17,quietly
17,myself
17,making
17,lot
17,led
17,joy
17,inside
17,fond
17,clever
16,word
16,windows
16,to-day
16,surface
16,surely
16,strong
16,straight
16,sorry
16,somehow
16,seat
16,nearer
16,mean
16,line
16,leave
16,large
16,jolly
16,idea
16,familiar
16,easy
16,doing
16,close
16,black
16,ahead
15,talked
15,stoats
15,simple
15,silence
15,shoulder
15,shook
15,sea
15,safe
15,red
15,ran
15,passage
15,nose
15,nice
15,near
15,murmured
15,miles
15,kindly
15,high
15,fun
15,exactly
15,engine-driver
15,early
15,drew
15,dream
15,car
15,barge-woman
14,yours
14,winter
14,window
14,wind
14,waited
14,telling
14,sky
14,rose
14,returned
14,ma
14,kind
14,ho
14,green
14,four
14,forth
14,flung
14,fast
14,eye
14,ears
14,beautiful
14,arm
14,adventures
13,wonder
13,wide
13,white
13,whether
13,train
13,thinking
13,thick
13,swung
13,sure
13,suppose
13,stream
13,silent
13,rich
13,prison
13,pleasure
13,paws
13,pass
13,pace
13,oh
13,observed
13,lantern
13,however
13,half
13,grey
13,fat
13,everybody
13,driver
13,cut
13,company
13,comes
13,clearly
13,because
13,barge
13,ask
13,around
13,already
12,wet
12,usual
12,turning
12,thin
12,taking
12,summer
12,start
12,somewhere
12,somewhat
12,smell
12,seem
12,pretty
12,point
12,narrow
12,moving
12,mine
12,middle
12,luncheon
12,live
12,liked
12,length
12,kept
12,isn
12,intervals
12,gradually
12,girl
12,free
12,forward
12,finished
12,everywhere
12,engine
12,earth
12,chap
12,care
12,bright
12,bound
12,blue
12,almost
12,afraid
11,walked
11,wait
11,used
11,trees
11,town
11,thrust
11,sudden
11,soft
11,settled
11,sent
11,sensible
11,says
11,sang
11,passing
11,parlour
11,moved
11,meal
11,manner
11,lightly
11,laughed
11,knowing
11,hung
11,hardly
11,glad
11,gentleman
11,followed
11,evidently
11,eat
11,eagerly
11,dusty
11,conceited
11,chair
11,business
11,broken
11,bother
11,ass
11,anxious
10,within
10,whom
10,view
10,tunnel
10,trying
10,trembling
10,to-morrow
10,three
10,thoroughly
10,tears
10,stopped
10,stand
10,slipped
10,sleep
10,sir
10,show
10,sense
10,row
10,return
10,possible
10,plain
10,opened
10,nature
10,naturally
10,music
10,mouth
10,minutes
10,man
10,longer
10,living
10,least
10,learn
10,later
10,land
10,horizon
10,holes
10,happened
10,handsome
10,grass
10,gathered
10,fields
10,feeling
10,father
10,excellent
10,doesn
10,distant
10,despair
10,comfortable
10,closed
10,clean
10,cheerfully
10,carefully
10,canal
10,broke
10,banquet
10,able
9,years
9,woman
9,week
9,weasel
9,watching
9,walking
9,unhappy
9,top
9,toady
9,supposing
9,street
9,straw
9,strange
9,stories
9,steadily
9,stay
9,standing
9,spread
9,spirit
9,speed
9,south
9,sounds
9,songs
9,solid
9,showed
9,shabby
9,several
9,seriously
9,seems
9,proud
9,portly
9,pleased
9,pistols
9,picked
9,particular
9,nervous
9,misery
9,merely
9,marched
9,lying
9,luck
9,leg
9,leaving
9,known
9,kitchen
9,instead
9,helped
9,heartily
9,hands
9,gentlemen
9,forget
9,firmly
9,filled
9,faint
9,fact
9,entirely
9,ducks
9,daughter
9,darkness
9,contentment
9,common
9,changed
9,change
9,chance
9,case
9,brown
9,brought
9,bring
9,boats
9,big
9,believe
9,arms
9,arm-chair
9,among
9,alone
9,afternoon
9,added
8,working
8,words
8,whose
8,walk
8,village
8,true
8,toast
8,terror
8,terrible
8,teach
8,sticks
8,spirits
8,society
8,slow
8,six
8,situation
8,singing
8,shut
8,season
8,sculls
8,rush
8,rising
8,remember
8,reason
8,quickly
8,pulled
8,pride
8,policemen
8,pocket
8,played
8,play
8,placed
8,patiently
8,parts
8,painted
8,ordered
8,noticed
8,noise
8,nodded
8,news
8,nearly
8,move
8,moon
8,men
8,managed
8,luncheon-basket
8,listening
8,less
8,leaves
8,laughter
8,jump
8,instant
8,inquired
8,hurried
8,horrid
8,heads
8,hauled
8,ground
8,gold
8,giving
8,gaoler
8,friendly
8,forgotten
8,fit
8,fall
8,excited
8,during
8,dropped
8,doors
8,direction
8,dinner
8,different
8,dead
8,dare
8,cry
8,cotton
8,complete
8,clothes
8,cleverness
8,chief
8,cheerful
8,certainly
8,certain
8,busily
8,breath
8,body
8,birds
8,beyond
8,besides
8,below
8,beginning
8,begin
8,bedroom
8,attention
8,attend
8,approaching
8,anyhow
8,accordingly
7,yellow
7,worth
7,worst
7,weeks
7,ways
7,wasn
7,wall
7,use
7,tree
7,to-night
7,thrown
7,temper
7,sunshine
7,stretch
7,stout
7,stern
7,step
7,station
7,started
7,staring
7,spring
7,splendid
7,speech
7,space
7,sooner
7,sobs
7,smile
7,slept
7,sleepy
7,sigh
7,shouting
7,shouted
7,shout
7,shore
7,shillings
7,shan
7,shaking
7,severely
7,send
7,restless
7,remarks
7,reeds
7,rabbits
7,properly
7,proceeded
7,poop-poop
7,pockets
7,plate
7,perfect
7,pay
7,partly
7,paper
7,overhead
7,ourselves
7,order
7,nights
7,murmur
7,motor-cars
7,missing
7,looks
7,lived
7,listened
7,level
7,leaning
7,leading
7,landed
7,laid
7,kicked
7,jumping
7,invitations
7,interest
7,hullo
7,hours
7,hope
7,hollow
7,hedge
7,greatly
7,gravely
7,grave
7,golden
7,gets
7,following
7,flying
7,five
7,field-mouse
7,field
7,fetch
7,expression
7,excitement
7,escape
7,entered
7,efforts
7,effort
7,easily
7,dust
7,dull
7,driving
7,doubt
7,door-mat
7,ditch
7,crying
7,crowded
7,couldn
7,cool
7,city
7,cheer
7,character
7,chairs
7,catch
7,carried
7,broad
7,bonnet
7,board
7,beat
7,bear
7,basket
7,backwater
7,awful
7,aunt
7,asleep
7,arranged
7,anywhere
7,answer
7,ancient
6,wrong
6,welcome
6,weather
6,waving
6,watched
6,walls
6,voices
6,visible
6,upstairs
6,underground
6,trip
6,track
6,touch
6,swallow
6,surprise
6,summons
6,succeeded
6,struck
6,strode
6,stone
6,steps
6,stepped
6,stared
6,stamping
6,speaking
6,sometimes
6,softly
6,silently
6,shoved
6,shoulders
6,shining
6,settle
6,seeing
6,scrambled
6,rolled
6,rights
6,resting
6,remained
6,rapidly
6,rabbit
6,quick
6,quarters
6,pull
6,proper
6,possibly
6,possessed
6,popular
6,poetry
6,plates
6,path
6,passionate
6,passages
6,particularly
6,pantry
6,painful
6,pain
6,nor
6,needn
6,nearest
6,mud
6,months
6,merry
6,means
6,matters
6,lit
6,lights
6,lead
6,laugh
6,keeping
6,innocent
6,hunting
6,holding
6,hedges
6,hedgehogs
6,haven
6,harbour
6,handkerchief
6,good-natured
6,glass
6,given
6,generally
6,gained
6,frightfully
6,ford
6,follow
6,flat
6,firelight
6,fingers
6,figure
6,fetched
6,faces
6,explained
6,especially
6,effect
6,distance
6,disappeared
6,difficulty
6,difficult
6,desperate
6,delicate
6,deeply
6,dawn
6,dared
6,corner
6,conversation
6,considering
6,colour
6,closing
6,children
6,charge
6,cell
6,ceased
6,cautiously
6,carrying
6,careless
6,careful
6,cannot
6,calling
6,brow
6,boating
6,beside
6,became
6,banqueting-hall
6,banks
6,apparently
6,anxiously
6,answered
6,alarmed
5,worked
5,wonderful
5,woke
5,wish
5,whistling
5,whispered
5,wheel
5,weir
5,wash
5,warning
5,warmth
5,waking
5,wake
5,vanished
5,value
5,until
5,understood
5,tripped
5,tongue
5,toes
5,tiny
5,threw
5,thoughts
5,thank
5,tea
5,taste
5,takes
5,tails
5,swinging
5,swim
5,suggestion
5,subject
5,struggling
5,struggled
5,stretched
5,steep
5,steal
5,sprang
5,spoke
5,splash
5,spend
5,sounded
5,sorts
5,somebody
5,smoke
5,smells
5,size
5,sing
5,silver
5,shyly
5,shy
5,shrill
5,shortly
5,shock
5,ship
5,sheets
5,sheer
5,sharp
5,sentries
5,sending
5,seas
5,sculled
5,scrape
5,rusty
5,rushes
5,runs
5,rough
5,rooms
5,retired
5,responded
5,respectfully
5,remarking
5,qualities
5,pushed
5,purple
5,provided
5,property
5,promise
5,probably
5,power
5,pot
5,position
5,police
5,plunged
5,playing
5,planned
5,places
5,piled
5,pick
5,peace
5,passes
5,panic
5,paid
5,packed
5,opening
5,often
5,notice
5,nonsense
5,none
5,need
5,neck
5,name
5,mother
5,moly
5,mighty
5,mere
5,mention
5,makes
5,lunch
5,love
5,lock
5,lives
5,lift
5,lie
5,learnt
5,lane
5,lady
5,knows
5,knock
5,knees
5,kicking
5,islands
5,island
5,iron
5,instantly
5,inland
5,indoors
5,inclined
5,hurt
5,hurriedly
5,hundreds
5,hundred
5,hopelessly
5,hooray
5,happen
5,hail
5,growing
5,grim
5,grasp
5,glances
5,glance
5,gently
5,gay
5,gathering
5,gallant
5,gaily
5,force
5,flood
5,fix
5,firm
5,finally
5,fight
5,field-mice
5,fancy
5,fallen
5,faintly
5,expedition
5,exhausted
5,exciting
5,ere
5,ear
5,dungeon
5,due
5,dreamily
5,dragged
5,door-scraper
5,does
5,directions
5,dim
5,desperately
5,deserted
5,danger
5,cushions
5,cudgel
5,crossed
5,courage
5,contents
5,consider
5,composed
5,coals
5,child
5,cheerily
5,cheek
5,chatter
5,chaff
5,carts
5,carry
5,burst
5,briefly
5,bowed
5,bottom
5,boat-house
5,belt
5,beg
5,bare
5,badly
5,badgers
5,arrange
5,appeared
5,appearance
5,angry
5,amount
5,also
5,allowed
5,ago
5,affectionate
5,absorbed
4,yesterday
4,yard
4,write
4,wore
4,woodland
4,wise
4,wiped
4,whither
4,whistled
4,whispering
4,wherever
4,well-known
4,wayfarer
4,wasted
4,warders
4,wanting
4,wandered
4,wander
4,waistcoat
4,violent
4,verses
4,utter
4,twice
4,trust
4,trotted
4,triumphant
4,travel
4,towns
4,tide
4,thoughtfully
4,tables
4,swaggering
4,sung
4,suit
4,subsided
4,stupid
4,stump
4,stuffed
4,stuck
4,strongly
4,stroll
4,stranger
4,story
4,stiff
4,sternly
4,steering
4,steer
4,stayed
4,state
4,starts
4,star
4,spluttering
4,spell-bound
4,speeches
4,speak
4,southern
4,soul
4,sought
4,solemnly
4,solemn
4,sobbed
4,soap
4,snug
4,smoking-room
4,smiling
4,smiled
4,smart
4,slippers
4,slip
4,slightest
4,slight
4,slid
4,sleeping
4,sixpence
4,silly
4,sides
4,shot
4,shin
4,shelter
4,shaken
4,sergeant
4,secret
4,second
4,seafarer
4,scratched
4,satisfied
4,satisfaction
4,sank
4,ruined
4,rubbed
4,rode
4,riverside
4,rightly
4,rifles
4,resumed
4,rested
4,reply
4,remembered
4,reflected
4,recovered
4,reappeared
4,rattle
4,raised
4,railway
4,question
4,quantity
4,pulling
4,protesting
4,prostrate
4,procession
4,prisoners
4,port
4,pondered
4,pond
4,pointing
4,pleading
4,plans
4,pig
4,piece
4,pattering
4,pardon
4,pale
4,paddock
4,object
4,oars
4,noises
4,nobody
4,necessaries
4,natural
4,names
4,mystery
4,mysterious
4,muttering
4,muttered
4,motion
4,met
4,messing
4,mechanically
4,meanwhile
4,meantime
4,meant
4,main
4,loud
4,lively
4,lingering
4,lines
4,limit
4,likes
4,leaping
4,leap
4,leant
4,leads
4,lawn
4,lately
4,larger
4,landing
4,jumped
4,intelligent
4,idle
4,hurry
4,hunted
4,humour
4,hum
4,horses
4,hitherto
4,hidden
4,hid
4,heroes
4,helpless
4,heels
4,heavy
4,hearty
4,heap
4,hang
4,ham
4,hair
4,guns
4,guests
4,grimly
4,greeted
4,grateful
4,gown
4,goes
4,glowing
4,glorious
4,gleaming
4,glanced
4,gazing
4,garden
4,future
4,fully
4,french
4,formed
4,forgetting
4,foot
4,fool
4,food
4,folly
4,flowers
4,finding
4,ferret
4,feeble
4,feasting
4,fear
4,fate
4,falling
4,fairly
4,fair
4,experiences
4,examining
4,escapes
4,escaped
4,english
4,england
4,enemies
4,ended
4,encouraged
4,emotion
4,elbow
4,duty
4,dreamt
4,drawer
4,draw
4,domestic
4,doings
4,dog
4,doctor
4,dining-hall
4,died
4,depressed
4,delight
4,crouched
4,crept
4,creek
4,covered
4,corners
4,control
4,conceit
4,compact
4,comforting
4,comfort
4,coat
4,cloud
4,clerk
4,cleaned
4,chink
4,chin
4,chimney
4,cheering
4,chains
4,castle
4,cash
4,carriage-drive
4,career
4,caravan
4,capital
4,canary-coloured
4,butter
4,butler
4,brushed
4,bridge
4,breeze
4,breathless
4,break
4,branches
4,blowing
4,blaze
4,blankets
4,blank
4,bird
4,billy
4,bent
4,bell-pull
4,begun
4,beast
4,baskets
4,awfully
4,awe
4,attack
4,assure
4,arrived
4,arguing
4,aren
4,approached
4,appear
4,anybody
4,ale
4,alarm
4,ah
4,afterwards
4,affair
4,admitted
3,worthy
3,worse
3,woods
3,wooden
3,wondering
3,wondered
3,wildly
3,wicker
3,wicked
3,whitewash
3,whisper
3,whiskers
3,wherein
3,whack
3,wearily
3,weapons
3,wayfarers
3,waves
3,wave
3,watch
3,waste
3,washerwomen
3,washed
3,voyage
3,vision
3,villages
3,upset
3,uplifted
3,ungrateful
3,unfortunately
3,undergrowth
3,twinkle
3,twenty
3,tumbled
3,tub
3,troubled
3,trot
3,triumph
3,trifle
3,tremendous
3,treat
3,trade
3,tracks
3,tow-path
3,touched
3,toads
3,tied
3,ticket
3,thrill
3,thoughtful
3,thither
3,third
3,theirs
3,terrified
3,terribly
3,ten
3,teeth
3,tangled
3,tall
3,table-cloth
3,sympathetic
3,swords
3,swirl
3,swimming
3,swiftly
3,sweep
3,swaying
3,suspicion
3,suspected
3,sunlight
3,suggested
3,successfully
3,success
3,strolling
3,strength
3,stormy
3,stores
3,stole
3,stirring
3,stew
3,steered
3,steam
3,stealing
3,steady
3,staying
3,stars
3,stairs
3,stage
3,stable
3,square
3,spring-cleaning
3,spot
3,spell
3,sped
3,speck
3,special
3,spare
3,southwards
3,soundly
3,sounding
3,solitary
3,sniggering
3,sniffed
3,smelt
3,slumber
3,skin
3,situated
3,sinking
3,sigurd
3,sign
3,sighed
3,shrieks
3,shivering
3,shirts
3,ships
3,shilling
3,shell-fish
3,shawl
3,sharply
3,share
3,severe
3,serious
3,sentinels
3,sell
3,selected
3,seized
3,seize
3,searching
3,searched
3,search
3,seafaring
3,scraped
3,satchel
3,sardines
3,sarcastic
3,sailed
3,safety
3,rustle
3,rowing
3,rouse
3,rope
3,rolling
3,roaring
3,roadside
3,river-bankers
3,rings
3,ring
3,resume
3,respectful
3,residence
3,reproachfully
3,remain
3,related
3,regular
3,refused
3,refreshed
3,reflectively
3,reckless
3,recapture
3,reach
3,rays
3,rate
3,random
3,ramble
3,radiant
3,puzzled
3,puffing
3,propped
3,promptly
3,private
3,prisoner
3,print
3,pricking
3,pressing
3,present
3,posted
3,post
3,porridge
3,police-station
3,points
3,plodding
3,pleaded
3,planted
3,pitch
3,piping
3,pink
3,pillow
3,perched
3,peered
3,peaceful
3,paying
3,paused
3,patient
3,paths
3,passion
3,party
3,parted
3,panting
3,pair
3,outer
3,otherwise
3,osiers
3,orders
3,orchards
3,opposite
3,onward
3,onions
3,ones
3,offered
3,offended
3,occurred
3,occupant
3,occasion
3,oblige
3,nuts
3,nowadays
3,noticing
3,note
3,nodding
3,nets
3,nervously
3,nerves
3,needs
3,necessary
3,neat
3,nearing
3,mustn
3,musing
3,muscles
3,mouths
3,mostly
3,moments
3,modest
3,mixed
3,mistake
3,missed
3,miss
3,miserable
3,mirth
3,mild
3,mercy
3,memory
3,memories
3,meadows
3,meadow
3,mayn
3,mastered
3,married
3,magnificent
3,magistrates
3,lump
3,lucky
3,lose
3,lord
3,loose
3,longing
3,logs
3,locked
3,loaded
3,listen
3,lips
3,lighter
3,lifted
3,lies
3,letters
3,lest
3,lawyer
3,law
3,lanes
3,labours
3,key
3,keen
3,judge
3,joyous
3,joyful
3,jog
3,job
3,intoxicated
3,interior
3,interesting
3,interested
3,insect
3,inn
3,increased
3,important
3,importance
3,imperious
3,hunger
3,humbly
3,humble
3,hotel
3,horror
3,hopeless
3,honest
3,home-coming
3,history
3,high-road
3,hesitation
3,hesitated
3,heed
3,hedgerows
3,hedgehog
3,heaved
3,heat
3,heartiness
3,heaps
3,hate
3,haste
3,harvest
3,harm
3,harbours
3,happiness
3,happily
3,happens
3,handy
3,halfway
3,hailed
3,guard
3,grow
3,gross
3,greeting
3,good-bye
3,glow
3,gloomily
3,glimpse
3,glided
3,girls
3,giggled
3,gift
3,gasped
3,furious
3,fur
3,funny
3,frosty
3,fringed
3,frightened
3,fret
3,freely
3,frank
3,fought
3,forthwith
3,fore-court
3,forced
3,footsteps
3,flew
3,finest
3,feathers
3,fault
3,faster
3,fascinated
3,farm
3,farewell
3,family
3,faithfully
3,faithful
3,failed
3,facing
3,explain
3,expensive
3,exchanged
3,exceedingly
3,examined
3,eventually
3,events
3,er
3,entrance
3,engines
3,engaged
3,energy
3,emperor
3,elbows
3,eggs
3,eating
3,eaten
3,ease
3,earlier
3,eager
3,dwell
3,drove
3,drops
3,drop
3,drone
3,dripping
3,drinking
3,drink
3,dried
3,dresser
3,dreamy
3,dreams
3,drawing
3,drag
3,downs
3,doubtfully
3,dive
3,disposed
3,dismayed
3,dismay
3,discovered
3,dig
3,difference
3,determined
3,descended
3,depths
3,delighted
3,dejected
3,degrees
3,daylight
3,dancing
3,dance
3,daily
3,cure
3,cupboards
3,crew
3,creeping
3,crashing
3,couple
3,countenance
3,coughing
3,coughed
3,cosy
3,converted
3,convenience
3,contrary
3,constantinople
3,conscience
3,confused
3,confidently
3,conducted
3,conduct
3,completely
3,complaint
3,companions
3,companion
3,comforts
3,comforted
3,collapsed
3,coffee-room
3,coasting
3,clung
3,closely
3,clink
3,climbed
3,cleared
3,clambered
3,civil
3,cities
3,circle
3,chuckling
3,choked
3,chill
3,chicken
3,chest
3,cheese
3,cheered
3,cheeks
3,changing
3,chairman
3,cats
3,carol
3,caressed
3,cared
3,capture
3,cabin
3,buttered
3,burrows
3,bunk
3,bundles
3,built
3,bubbles
3,brute
3,brush
3,brothers
3,brother
3,brightly
3,brick
3,bread
3,brain
3,boy
3,bought
3,bottles
3,borne
3,bore
3,bones
3,bloodthirsty
3,bliss
3,blind
3,bitter
3,bits
3,bird-cage
3,bidding
3,beset
3,belonged
3,bell
3,beech
3,bedraggled
3,become
3,beauty
3,beating
3,barred
3,bade
3,bacon
3,backwards
3,attitude
3,attacked
3,atmosphere
3,ate
3,asking
3,ashore
3,arrive
3,armed
3,approval
3,applause
3,appeal
3,animal-etiquette
3,altogether
3,although
3,alongside
3,alert
3,affected
3,advice
3,admit
3,addressed
3,actually
3,actual
3,acquaintance
3,accounts
3,account
3,absolutely
3,a-pleasuring
2,yourselves
2,youngsters
2,yonder
2,yawning
2,wrung
2,written
2,wriggled
2,wound
2,wooders
2,women
2,witty
2,wistfully
2,wire
2,wiping
2,winked
2,wink
2,wing
2,wine
2,winds
2,winding
2,willow-herb
2,willow
2,whoever
2,whirl
2,whence
2,wheels
2,wheat
2,well-metalled
2,weight
2,weed
2,wear
2,weaker
2,wavered
2,water-meadows
2,water-jug
2,watches
2,wash-tub
2,warningly
2,warmed
2,warder
2,wants
2,wandering
2,wailed
2,wager-boat
2,voyages
2,voluble
2,vivid
2,visitor
2,villains
2,vigorously
2,vessels
2,vessel
2,ventured
2,venice
2,velvet
2,various
2,variety
2,vanity
2,vaguely
2,utterly
2,ushered
2,uses
2,useless
2,useful
2,upside
2,upper
2,unworthy
2,unseen
2,unmistakable
2,unless
2,unknown
2,unfriendly
2,unfastened
2,unexpected
2,uneasy
2,uneasily
2,undoubtedly
2,undertaking
2,understanding
2,uncertain
2,unarmed
2,ugly
2,tying
2,twisted
2,twinkled
2,turns
2,turf
2,tune
2,tumultuous
2,tudor
2,tucked
2,truth
2,truly
2,trudge
2,troublesome
2,troubles
2,trodden
2,triumphal
2,tree-trunks
2,tree-roots
2,tray
2,travellers
2,travelled
2,trap-door
2,transported
2,trance
2,tramping
2,tramp
2,trailed
2,trading
2,trackless
2,traces
2,towing-path
2,torn
2,tore
2,tonight
2,tongue-tied
2,today
2,toasted
2,tingle
2,tin
2,timidly
2,tiller
2,tilled
2,tight
2,thy
2,throats
2,thrilling
2,threatening
2,thoughtless
2,thinks
2,therefore
2,thee
2,thanks
2,terrors
2,terms
2,tense
2,tearing
2,tear
2,tawny
2,tarry
2,tactful
2,system
2,swollen
2,swelling
2,sweet
2,sward
2,swam
2,swaggered
2,sustaining
2,suspiciously
2,suspicious
2,suspecting
2,surveyed
2,surroundings
2,surrounded
2,surprising
2,surprised
2,support
2,sunset
2,sunrise
2,sundown
2,summoning
2,summoned
2,sum
2,sullenly
2,sulky
2,suited
2,suggestive
2,sufficient
2,suffered
2,successful
2,submissive
2,style
2,stumps
2,stuff
2,study
2,struggle
2,strove
2,stronger
2,stroked
2,strings
2,strikes
2,strike
2,strict
2,stress
2,streams
2,streaming
2,streaked
2,streak
2,strapped
2,strangely
2,storm-driven
2,storm
2,store
2,stirred
2,stillness
2,sticking-plaster
2,sticking
2,steely
2,steel
2,steed
2,steamers
2,stately
2,startled
2,starting
2,staggering
2,stages
2,stables
2,stable-yard
2,squire
2,squeeze
2,squeal
2,squeaky
2,spoken
2,spoil
2,spite
2,spiky
2,sparkling
2,sparkle
2,sore
2,soothingly
2,soothing
2,sonorous
2,son
2,sofa
2,soda-water
2,social
2,sobbing
2,sob
2,snowing
2,snow-bank
2,snout
2,snorted
2,snoring
2,smoking
2,smashes
2,smashed
2,slopes
2,slope
2,slices
2,sleet
2,sleep-walker
2,sleek
2,slacken
2,skirts
2,simultaneously
2,simplicity
2,silvery
2,silky
2,shuffled
2,shrieking
2,shouldn
2,shorter
2,shores
2,shops
2,shooting
2,shone
2,shocked
2,shiver
2,shipping
2,shiny
2,shimmering
2,shifting
2,sheep-pen
2,sheep
2,shed
2,shattered
2,shape
2,shake
2,settles
2,served
2,serve
2,senses
2,semicircle
2,self-praise
2,seeming
2,secrets
2,seconds
2,second-hand
2,seated
2,seaports
2,scrooged
2,scribbled
2,scrabbled
2,school
2,scents
2,scene
2,sayings
2,save
2,sausage
2,satisfactory
2,sardine-opener
2,saplings
2,sands
2,sand
2,saluted
2,sallies
2,sailors
2,safely
2,sadly
2,sad
2,rustling
2,rushed
2,rural
2,rude
2,rows
2,rower
2,rowed
2,roused
2,rounded
2,roses
2,rooted
2,roof
2,rolls
2,roared
2,roads
2,river-bank
2,risen
2,rise
2,rigid
2,ridiculous
2,ride
2,rhythmical
2,rhymes
2,revolving
2,revolvers
2,revive
2,revenge
2,retreating
2,result
2,restored
2,restlessly
2,respond
2,respects
2,respected
2,respectable
2,resource
2,reserved
2,resembling
2,rescue
2,reported
2,repeat
2,repast
2,remove
2,remote
2,reminds
2,reminded
2,remembering
2,remains
2,remainder
2,regulations
2,regrettable
2,regardless
2,regarded
2,refuse
2,reflecting
2,reddening
2,recover
2,recollection
2,recollected
2,recollect
2,recognised
2,recognisable
2,recite
2,received
2,recalled
2,recall
2,realise
2,readily
2,read
2,reaching
2,rarely
2,rapture
2,rapid
2,ranks
2,rang
2,raining
2,raced
2,quivering
2,quitted
2,quickened
2,quest
2,queen
2,quarter
2,pursuit
2,pursued
2,purse
2,punched
2,prudent
2,provide
2,provender
2,proved
2,proudly
2,propose
2,promised
2,proceeding
2,prize
2,principal
2,pretend
2,pressed
2,presence
2,prepared
2,pre-occupied
2,pranks
2,praise
2,practical
2,powerless
2,powerful
2,pots
2,possess
2,popped
2,politely
2,polished
2,pointed
2,poetry-things
2,poet
2,plop
2,plodded
2,plenty
2,pleasing
2,pleasantly
2,planning
2,plaintive
2,plainly
2,placidly
2,placid
2,pitifully
2,pitiful
2,pistol
2,pipe
2,pinned
2,piles
2,pigeons
2,pieces
2,pie
2,pettishly
2,personal
2,perch
2,perceive
2,penetrating
2,pencil
2,penalty
2,peeped
2,pausing
2,patting
2,patted
2,patience
2,pathetically
2,patches
2,pat
2,pasturage
2,parties
2,parched
2,painter
2,pains
2,paddled
2,paddle
2,packing
2,pack
2,overslept
2,overlook
2,overflowed
2,overcome
2,overcoat
2,oughtn
2,otters
2,opportunity
2,open-mouthed
2,onwards
2,onion-sauce
2,offer
2,offence
2,odorous
2,occurs
2,occupied
2,occupation
2,obvious
2,observation
2,obliged
2,obeyed
2,obey
2,oaken
2,numerous
2,nowhere
2,notes
2,noon
2,nod
2,nobly
2,nightfall
2,newness
2,neither
2,neighbourhood
2,neatly
2,neared
2,nasty
2,narrow-minded
2,nail
2,muzzle
2,mustard
2,musical
2,murmuring
2,mulled
2,movement
2,mountains
2,mottled
2,mornings
2,moorings
2,moorhens
2,moonlight
2,monotone
2,modern
2,mocked
2,mission
2,miry
2,mile
2,midstream
2,mess
2,mended
2,mend
2,meeting
2,meet
2,meadow-sweet
2,meadow-grass
2,may-fly
2,matchless
2,matches
2,master
2,marseilles
2,manfully
2,manage
2,majestic
2,magic
2,machines
2,machine
2,loyal
2,lower
2,loved
2,lots
2,look-out
2,lonely
2,lockers
2,local
2,lobster
2,litter
2,listener
2,lion
2,linked
2,linger
2,linen
2,limp
2,limbs
2,licking
2,letting
2,letter-paper
2,leapt
2,leaned
2,lean
2,league
2,leaf
2,laying
2,lawns
2,latter
2,latest
2,lastly
2,languorous
2,languid
2,landscape
2,land-locked
2,lamps
2,lamp
2,laborious
2,knives
2,kitchen-garden
2,king
2,kind-hearted
2,keys
2,keeps
2,justly
2,justice
2,judgment
2,joys
2,joined
2,join
2,jig
2,jeered
2,jealousy
2,jealous
2,inviting
2,invitation
2,introduce
2,intoxicating
2,interrupted
2,interfere
2,intense
2,instance
2,inspecting
2,inquiring
2,inquire
2,inn-yard
2,ingenious
2,influence
2,inflated
2,inferior
2,infant
2,independent
2,incredible
2,include
2,imprisoned
2,impressively
2,impossible
2,imperiously
2,impatiently
2,impatient
2,immense
2,immediately
2,imagined
2,imagination
2,hysterical
2,hurts
2,hunt
2,humpy
2,hummocky
2,houses
2,house-boat
2,host
2,hospital
2,horse-pond
2,horse-dealing
2,hopped
2,hopes
2,hooting
2,honour
2,honey
2,homewards
2,home-like
2,holiday
2,hither
2,hills
2,highway
2,highly-coloured
2,high-spirited
2,hide
2,hic
2,herself
2,hero
2,hereabouts
2,herbage
2,henceforth
2,hence
2,helplessly
2,helping
2,helpful
2,helper
2,heel
2,hedgerow
2,heavenly
2,heated
2,headland
2,hay
2,hawser
2,haunting
2,hauling
2,hates
2,hasty
2,hasn
2,happening
2,hapless
2,hanging
2,handful
2,handed
2,handcuffs
2,hand-in-hand
2,hammering
2,halberds
2,hadn
2,gurglings
2,gun
2,guest
2,grumpily
2,grumbling
2,grub
2,grown
2,groups
2,groped
2,gripped
2,grip
2,grinning
2,greet
2,greedy
2,graze
2,grasped
2,grand
2,graciously
2,grace
2,gossip
2,goodly
2,good-hearted
2,goloshes
2,gloomy
2,glittering
2,glide
2,glasses
2,glancing
2,glamour
2,giggling
2,gesture
2,gaze
2,gate
2,garments
2,game
2,gallop
2,gaiters
2,gaining
2,fullest
2,fry
2,frost
2,frivolous
2,friendship
2,fried
2,frequented
2,frequent
2,frankly
2,frame
2,fragments
2,forsaken
2,form
2,forks
2,fork
2,forgetfulness
2,forgetful
2,forest
2,foreshores
2,forepaw
2,foreign
2,fore-paws
2,folded
2,fly
2,flowery
2,flowed
2,flourish
2,floods
2,floating
2,flitted
2,fling
2,fled
2,flats
2,flask
2,flashed
2,flash
2,fixedly
2,fixed
2,fists
2,fishing
2,first-rate
2,fireside
2,fireplace
2,final
2,fighting
2,fieldmouse
2,fidgeting
2,fetching
2,ferrets
2,feels
2,feebly
2,feature
2,favour
2,famous
2,famished
2,fainted
2,extremely
2,extreme
2,exposed
2,explored
2,exploit
2,explanation
2,experience
2,expecting
2,expected
2,expect
2,expand
2,excursions
2,exclaimed
2,except
2,evil
2,everyone
2,evenings
2,escorted
2,errand
2,equal
2,entry
2,entranced
2,entire
2,entering
2,enquired
2,enormous
2,enjoying
2,enjoyed
2,enemy
2,embrace
2,electric
2,elder
2,egg
2,effective
2,earnestly
2,earnest
2,dwelling
2,duties
2,duster
2,dusk
2,dumb
2,dulled
2,dubiously
2,drowsy
2,dropping
2,driven
2,drive
2,drifted
2,dressing-gown
2,dressed
2,dress
2,dreamer
2,dreamed
2,dreadfully
2,dreadful
2,dread
2,drawn
2,draughty
2,draught
2,dozing
2,dozen
2,dozed
2,doubtless
2,doubled
2,dotted
2,dogs
2,dogged
2,dodged
2,divine
2,divided
2,divert
2,dived
2,ditches
2,distinct
2,dismal
2,dishes
2,disguised
2,disguise
2,disengaged
2,disaster
2,disappointing
2,disappointed
2,disappearance
2,dirty
2,directed
2,dipped
2,dingy
2,dimly
2,digging
2,difficulties
2,dewy
2,developed
2,describe
2,deprive
2,depart
2,denying
2,demanded
2,dell
2,delay
2,declared
2,debonair
2,deafening
2,dashed
2,daring
2,dangerous
2,danced
2,dance-music
2,damp
2,cutlass
2,current
2,curiosity
2,cup
2,cuckoo
2,crouching
2,crossly
2,crossing
2,crosser
2,criminal
2,crime
2,crestfallen
2,creep
2,crash
2,crackled
2,cows
2,cover
2,counted
2,cotton-waste
2,cottage
2,cost
2,corsica
2,copses
2,convincing
2,convinced
2,convey
2,continue
2,contented
2,contempt
2,consulted
2,consult
2,constantly
2,constant
2,considered
2,considerable
2,consequence
2,conscious
2,connected
2,confusedly
2,confident
2,confidence
2,confess
2,conference
2,concerning
2,conceal
2,comrades
2,comrade
2,complain
2,compared
2,comments
2,command
2,comfortably
2,coloured
2,coffee-pot
2,coffee
2,coats
2,coal
2,clumsy
2,clover
2,cloudless
2,clog
2,clock
2,climb
2,climax
2,clearer
2,cleaning
2,clanged
2,church
2,chosen
2,chorus
2,chords
2,choose
2,chivvying
2,chins
2,cheerfulness
2,check
2,chauffeur
2,chat
2,chasing
2,chased
2,chanted
2,channels
2,chain
2,centre
2,central
2,cave
2,cattle
2,catching
2,casually
2,casual
2,cast
2,casks
2,carpet
2,cares
2,carelessly
2,cards
2,captured
2,captain
2,capable
2,cap
2,canvas
2,cage
2,cabbage
2,bygones
2,busied
2,burning
2,burden
2,bunks
2,bullet
2,builders
2,build
2,bucket
2,bubble
2,brutal
2,browsing
2,bringing
2,brightened
2,bridges
2,breezy
2,bread-and-water
2,bravely
2,brave
2,branching
2,branch
2,bramble
2,brakes
2,braced
2,boys
2,bosom
2,born
2,bordered
2,bold
2,blow
2,blossom
2,blood
2,blindly
2,blew
2,blest
2,bless
2,bitterly
2,bite
2,biscuits
2,birth
2,bind
2,bill
2,bide
2,benefit
2,bend
2,benches
2,bench
2,belongings
2,bee
2,beds
2,beaten
2,barley
2,banging
2,bang
2,back-door
2,baby
2,babbling
2,axles
2,awhile
2,awaited
2,aunts
2,attractive
2,astonishing
2,astonished
2,assisted
2,assented
2,aspect
2,ashamed
2,arrangements
2,arrangement
2,argued
2,argue
2,archway
2,approvingly
2,applying
2,apples
2,appearing
2,apparent
2,anticipating
2,annoyance
2,announced
2,angrily
2,anger
2,anchorage
2,anchor
2,ancestral
2,amusement
2,ample
2,amber
2,alternately
2,altered
2,alas
2,airless
2,airily
2,aimlessly
2,aha
2,age
2,afford
2,affairs
2,adventurous
2,adventurer
2,adventure
2,advantage
2,advancing
2,address
2,act
2,acres
2,aching
2,accustomed
2,according
2,accident
2,accents
2,abandoning
2,abandoned
2,aback
2,a-piece
2,a-dabbling
1,yule-time
1,youself
1,younger
1,yielded
1,yield
1,yells
1,yelling
1,yelled
1,yearnings
1,yawned
1,yawn
1,yarns
1,yarn
1,xii
1,xi
1,x
1,wrongly
1,wrong-headedness
1,writing-table
1,wrinkled
1,wriggling
1,wriggles
1,wretched
1,wrestled
1,wrench
1,wreck
1,wreathed
1,wrathfully
1,wounds
1,worthier
1,worsted
1,worship
1,worry
1,worries
1,worn
1,woo
1,wonted
1,wont
1,wondrous
1,wonderfully
1,wobbled
1,witness-box
1,withered
1,wistfulness
1,wistful
1,wishes
1,wintry
1,winning
1,winks
1,winking
1,wings
1,winged
1,wine-casks
1,windy
1,windfall
1,win
1,willow-wren
1,willing
1,wilful
1,widow
1,wide-spread
1,wicket-gate
1,wicker-chairs
1,whooping
1,whole-hearted
1,whitewashing
1,whistlings
1,whistle
1,whisperings
1,whirling
1,whirled
1,whines
1,whine
1,whimpered
1,whiff
1,whereon
1,whereas
1,whenever
1,wheelwright
1,wheelings
1,what-might
1,whacking
1,weren
1,wench
1,welled
1,well-worn
1,well-trained
1,well-shaped
1,well-kept
1,well-earned
1,weirs
1,weighing
1,wedge-shaped
1,weather-bound
1,weather-beaten
1,wearing
1,weak
1,wayfaring
1,wavy
1,wavering
1,waved
1,wave-lapped
1,waterways
1,waterside
1,waters
1,watermen
1,water-ways
1,water-side
1,water-logged
1,water-lilies
1,washes
1,washerwoman-dress
1,wash-house
1,warped
1,warnings
1,warmly
1,warily
1,ward
1,war-cry
1,war
1,walled
1,walks
1,walking-sticks
1,wakes
1,wakened
1,wakeful
1,waits
1,waiting-room
1,waiters
1,waist
1,waiscoat
1,wail
1,waifs
1,wagons
1,waggled
1,wagging
1,wages
1,wafts
1,wafted
1,waft
1,wade
1,waddled
1,waddle
1,w-e-ll
1,vulgar
1,vowed
1,vouchsafed
1,voluptuous
1,volatile
1,void
1,vocations
1,vocal
1,vizards
1,visiting
1,visibly
1,violet
1,violently
1,violence
1,vintage
1,villas
1,villagers
1,vile
1,viii
1,vii
1,vigil
1,views
1,victuals
1,victory
1,victoria
1,victim
1,viciously
1,vibrating
1,vibrant
1,vi
1,vexed
1,verdant
1,verbal
1,venture
1,vengeance
1,veil
1,vaultings
1,vaulted
1,vast
1,vary
1,varnishing
1,varied
1,vaporous
1,vanishing
1,vanish
1,valuation
1,valuable
1,valour
1,valorous
1,valerian
1,vainly
1,vague
1,vacated
1,vacant
1,vacancy
1,v
1,uttered
1,urged
1,upwards
1,upward
1,upstream
1,upsetting
1,uprose
1,uproar
1,uppish
1,uplands
1,upheavals
1,upalong
1,up-to-date
1,unwearying
1,unwearied
1,unwashed
1,unutterable
1,unused
1,untrodden
1,untoward
1,untied
1,untarnished
1,unsuspecting
1,unsuspected
1,unsurpassable
1,unsteadily
1,unsettled
1,unseeking
1,unscathed
1,unrestrainedly
1,unrest
1,unquestioned
1,unpleasantness
1,unpacking
1,unpacked
1,unpack
1,unmistakably
1,unlocking
1,unlikely
1,unkindly
1,united
1,unique
1,uninhabited
1,unhurt
1,unhallowed
1,unguarded
1,unforeseen
1,unfolding
1,unfinished
1,unfeeling
1,unerring
1,unequipped
1,unenlightened
1,unduly
1,undress
1,undisturbed
1,undispersed
1,undiminished
1,undignified
1,undertakings
1,undertaken
1,underfoot
1,under-hedge
1,undecorated
1,unction
1,uncouth
1,unconvincing
1,unconvinced
1,unconverted
1,unconsciousness
1,unconsciously
1,unconscious
1,uncommunicative
1,uncomfortable
1,uncanny
1,uncalled-for
1,unbending
1,unattended
1,unassisted
1,umbrella-stand
1,ulysses
1,typical
1,twos
1,twopence
1,twittering
1,twittered
1,twitter
1,twirling
1,twined
1,twin
1,twigs
1,twelve
1,turnips
1,turning-point
1,turbid
1,tunnels
1,tunnelling
1,tunnel-like
1,tumbling
1,tumbles
1,tumble
1,tugging
1,tufts
1,truthfulness
1,trustworthy
1,trusted
1,trunks
1,truncheons
1,truncheon
1,trumpeters
1,trumpet
1,trudging
1,trudged
1,trucks
1,trouser-pockets
1,trouser-pocket
1,trouser
1,troubling
1,trots
1,trollops
1,trivialities
1,trivial
1,triumphs
1,triumphantly
1,trifling
1,tricks
1,trickled
1,trickle
1,trick
1,tributary
1,trials
1,trestles
1,tremors
1,tremendously
1,tree-trunk
1,tree-stumps
1,tree-stump
1,treated
1,treasures
1,treasure
1,treachery
1,trayful
1,traverse
1,travels
1,travelling
1,traps
1,trappings
1,trapped
1,trap
1,transport
1,transparency
1,transformation
1,transform
1,transfixed
1,tranquillity
1,tranquil
1,tramped
1,trail
1,tragic
1,traffic-queller
1,tradespeople
1,tradesmen
1,trades
1,trace
1,towrope
1,towers
1,towering
1,towels
1,towel-horse
1,towel
1,touzled
1,touching
1,touches
1,tot
1,tossed
1,toss
1,torrid
1,torrents
1,topped
1,topical
1,topic
1,tooting
1,tone
1,tomorrow
1,tommy
1,toilsome
1,toils
1,toilet
1,toiled
1,toil
1,togs
1,toasts
1,toasting
1,toad-whoops
1,toad-bird
1,tis
1,tiresome
1,tips
1,tinned
1,tingled
1,tinge
1,timid
1,time-worn
1,time-table
1,tilted
1,tilt
1,tiles
1,tightly
1,tighter
1,tie
1,tidy
1,tidied
1,tickle
1,thus
1,thursday
1,thunderbolt
1,thunder
1,thumping
1,thump
1,thumbscrew-room
1,thrusting
1,throws
1,throwing
1,throw
1,throughout
1,thronged
1,throbs
1,throat
1,thrills
1,threshold
1,threes
1,three-quarters
1,three-fourths
1,three-and-sixpence
1,threads
1,threaded
1,thoroughgoing
1,thorough
1,thirty
1,thirsting
1,thirdly
1,thinned
1,thickly
1,thicker
1,thick-headed
1,thereto
1,thereabouts
1,theory
1,thence
1,theft
1,theatre
1,thatch
1,thanked
1,tethered
1,tested
1,test
1,terraces
1,tenderness
1,tenderly
1,tender
1,tendency
1,tend
1,tempting
1,temporarily
1,temple
1,tempests
1,telegraphic
1,tedious
1,tearful
1,teams
1,tea-table
1,taut
1,tastes
1,tasks
1,tangle
1,tamed
1,talks
1,talker
1,talkative
1,table-d
1,synopsis
1,sympathetically
1,sworn
1,sword
1,swooping
1,swing
1,swimming-lesson
1,swifts
1,swift
1,swerved
1,swerve
1,swept
1,swell
1,sway
1,swathe
1,swan
1,swallows
1,swagger
1,sustained
1,suspicions
1,suspended
1,suspect
1,surprises
1,surpassing
1,surfaces
1,suppressed
1,supposed
1,supporting
1,supply
1,supplication
1,supple
1,supper-time
1,supper-table
1,sup
1,sunless
1,sunk
1,sunday-school
1,sunbeam
1,sun-bonnet
1,sun-bathed
1,sums
1,sullen
1,sulks
1,suites
1,suitable
1,suggestions
1,suggest
1,sugar
1,sufficiently
1,sufferings
1,sucking
1,sucked
1,succeeding
1,succeed
1,subtle
1,subterfuges
1,substantial
1,submissively
1,submersion
1,submerged
1,subjected
1,stupider
1,stumble
1,stuffy
1,stuffing
1,stubborn
1,strutting
1,struggles
1,strongest
1,strolled
1,strokes
1,stroke
1,strivings
1,strive
1,stripy
1,stripped
1,stringency
1,string-music
1,string
1,striking
1,stride
1,strictly
1,stricken
1,stretching
1,stretcher
1,stressful
1,strenuous
1,strengthened
1,streets
1,strays
1,straying
1,strayed
1,stray
1,straw-covered
1,strategy
1,strangers
1,straining
1,strained
1,straighten
1,straddling
1,straddled
1,stove
1,stoutly
1,stoutest
1,story-telling
1,storm-cone
1,store-chambers
1,stopping
1,stooping
1,stooped
1,stones
1,stone-paved
1,stolen
1,stoat-sentries
1,stir
1,stipulation
1,sting
1,stile
1,stifled
1,stiffly
1,stiffest
1,steering-wheel
1,steering-way
1,steaming
1,steaminess
1,steam-launches
1,steadying
1,steady-going
1,steadfast
1,statuary
1,statements
1,stated
1,starved
1,starlight
1,stare
1,standstill
1,stanchions
1,stamp
1,stalls
1,stalks
1,stair
1,stained
1,staggered
1,stage-fright
1,stacks
1,stabled
1,stable-helps
1,stability
1,squirrels
1,squirrel
1,squeals
1,squealing
1,squeaking
1,squeak
1,squat
1,squashy
1,squares
1,squared
1,squandering
1,squandered
1,squad
1,squabble
1,spurt
1,spur
1,sprung
1,springing
1,sprawling
1,sprawled
1,sprawl
1,spots
1,spotless
1,spoons
1,spoon
1,spoilt
1,spoiling
1,spluttered
1,splutter
1,sploosh
1,splendidly
1,splashing
1,splashes
1,splashed
1,spit
1,spirited
1,spine
1,spin
1,spied
1,spice
1,spent
1,spending
1,spellbound
1,speedily
1,spectators
1,sparks
1,sparkles
1,spain
1,spaces
1,sovereigns
1,southwestwards
1,southward
1,southing
1,southern-bound
1,source
1,sorrowfully
1,sorrowful
1,sorrow
1,song-dream
1,somnolence
1,somewheres
1,somersault
1,soles
1,solemnity
1,sole
1,soldiery
1,soldiers
1,soldier
1,sold
1,solace
1,soil
1,softhearted
1,soft-hearted
1,socks
1,sociably
1,soared
1,soaking
1,so-and-so
1,snuggle
1,snuffling
1,snuffed
1,snubby
1,snow-caverns
1,snow-castles
1,snow-bound
1,snorts
1,snorting
1,snort
1,snigger
1,sniffy
1,sniffs
1,sniffing
1,snatches
1,snatcher
1,snare
1,snap-dragon
1,snap
1,snaky
1,smouldering
1,smothery
1,smote
1,smooth
1,smoky
1,smoking-suit
1,smoked
1,smitten
1,smirk
1,smilingly
1,smiles
1,smelling
1,smashing
1,smash-up
1,smash
1,smartly
1,smartest
1,smarten
1,smaller
1,small-talk
1,slushy
1,slung
1,slumbering
1,sluggish
1,slowing
1,slowed
1,sloped
1,sloe
1,slipping
1,slippered
1,slightly
1,slice
1,sleeve
1,sleeping-bunks
1,sleepiness
1,sleepily
1,sleep-walking
1,sledge
1,slapping
1,slap
1,slake
1,slackening
1,skittle-alley
1,skirmishing
1,skipper
1,skipped
1,skip
1,skilled
1,skill
1,skilful
1,sketched
1,sixty
1,sisters
1,sister
1,sipping
1,sipped
1,sinuous
1,sink
1,singularly
1,single
1,singers
1,sin
1,simulated
1,simmering
1,similar
1,silvered
1,sill
1,silhouetted
1,signs
1,significantly
1,significant
1,significance
1,signals
1,sighing
1,siesta
1,sidelong
1,sickening
1,sicily
1,shunted
1,shuflling
1,shrunken
1,shrunk
1,shrouds
1,shrouded
1,shrinkage
1,shrink
1,shows
1,showing
1,showering
1,shovelling
1,shovelled
1,shove
1,shorewards
1,shop
1,shoes
1,shod
1,shoal
1,shirt
1,shirking
1,shipped
1,shipmates
1,shipboard
1,shingle
1,shimmer
1,shillin
1,shield
1,shepherd-boy
1,shelves
1,shellfish
1,shelf
1,shedding
1,sheaves
1,shamefacedly
1,shame
1,shallows
1,shallow
1,shaggy
1,shafts
1,shaft
1,shadows
1,shadow
1,shades
1,shabbily
1,sex
1,sewed
1,severity
1,severest
1,seventh
1,settling
1,setting
1,sets
1,service
1,sermon
1,seriousness
1,serene
1,separated
1,separate
1,sentry-go
1,sentry
1,sentences
1,sensation
1,sends
1,selvedge
1,self-surrender
1,self-sufficing
1,self-satisfied
1,self-satisfaction
1,self-respect
1,self-reproaches
1,self-possessed
1,self-indulgent
1,self-contained
1,self-conscious
1,self-confident
1,self-admiration
1,self
1,seizures
1,seizure
1,seizing
1,sees
1,seek
1,seeds
1,seeding
1,security
1,securely
1,secured
1,secondly
1,second-class
1,seclusion
1,seawards
1,seats
1,seasonable
1,searches
1,seaman
1,seafarers
1,sea-wall
1,sea-spray
1,sea-mews
1,sea-grey
1,sea-beacon
1,sculling
1,scull
1,scuffling
1,scruff
1,scribbling
1,screens
1,screen
1,screeching
1,scratch
1,scraping
1,scrambling
1,scramble
1,scouts
1,scouring
1,scoundrels
1,scores
1,schools
1,schoolboys
1,scheming
1,schemes
1,scented
1,scenery
1,scene-pictures
1,scattered
1,scared
1,scanned
1,scandalised
1,scampered
1,scamper
1,scaffold
1,savoury
1,savings
1,saved
1,savagely
1,sauntered
1,saucepan
1,satisfying
1,sardinia
1,sardine-tins
1,sarcasm
1,sanitation
1,sanguine
1,sane
1,sandwich-case
1,sandwich
1,sanded
1,samuel
1,saluting
1,salon
1,salmon
1,salad
1,sake
1,sailing
1,sail
1,sacrifice
1,s-a-sword-for-the-toad
1,s-a-sword-for-the-rat
1,s-a-sword-for-the-badger
1,s-a-sword-for-the
1,s-a-pistol-for-the-toad
1,s-a-pistol-for-the-rat
1,s-a-pistol-for-the-mole
1,s-a-pistol-for-the-badger
1,s-a-belt-for-the-rat
1,s-a-belt-for-the-badger
1,s-a-belt-for-the
1,s-a
1,rutty
1,rustic
1,rushing
1,runnels
1,rumpus
1,rumble
1,rules
1,rule
1,ruins
1,ruin
1,ruffled
1,ruffian
1,rudely
1,ruddy
1,rudder-lines
1,ruby
1,rubbish-heaps
1,rubbing
1,royally
1,royal
1,rowlocks
1,rowans
1,routes
1,route
1,rouses
1,rounding
1,rotten
1,rosy
1,rooks
1,roller
1,roll
1,rogue
1,rodent
1,rocks
1,rock
1,robins
1,robin
1,roar
1,roamed
1,roam
1,roadsteads
1,roadhogs
1,roach
1,rivers
1,riverbank
1,river-wards
1,river-side
1,river-shop
1,river-gossip
1,rival
1,risings
1,rises
1,risers
1,rippling
1,ripple
1,ripping
1,ripening
1,riotous
1,riot
1,ringing
1,rim
1,righting
1,righted
1,riding-lights
1,riding
1,ricks
1,richness
1,rhythm
1,rhyme
1,rewarded
1,revived
1,reviled
1,revelation
1,revealed
1,returns
1,returning
1,retreated
1,retreat
1,retraced
1,retorts
1,retorted
1,retiring
1,retained
1,retain
1,resuming
1,results
1,restraint
1,restraining
1,responses
1,response
1,respect
1,resolution
1,resolutely
1,resigned
1,residences
1,resentful
1,resembled
1,resemblance
1,require
1,reputation
1,reproduce
1,reproached
1,represent
1,repose
1,reports
1,report
1,replete
1,repentant
1,repelling
1,repeated
1,repartees
1,repairing
1,repaired
1,repack
1,rent
1,renewed
1,removal
1,remotest
1,reminiscences
1,reminiscence
1,reminder
1,remembrances
1,remembrance
1,remarkable
1,remark
1,remaining
1,rely
1,reluctantly
1,reluctant
1,relished
1,relinquished
1,relieve
1,relief
1,relate
1,rejoined
1,rejected
1,reins
1,regularly
1,regretful
1,regret
1,regarding
1,refusing
1,refuge
1,refreshments
1,reflection
1,refer
1,reef
1,reed-talk
1,reed-stems
1,reddened
1,red-faced
1,red-curtained
1,recovering
1,recollections
1,recognized
1,recognition
1,recognise
1,recklessly
1,recital
1,recently
1,recent
1,receiving
1,receded
1,reasonable
1,rearing
1,rear
1,reaping
1,reapers
1,realised
1,reading
1,reaction
1,re-opening
1,re-entered
1,re-capture
1,raw
1,rattled
1,rats
1,rashers
1,rapturous
1,rapt
1,range
1,rancour
1,ramparts
1,ramifications
1,rambles
1,rambled
1,rallies
1,rakishly
1,raked
1,raising
1,raise
1,rains
1,rain
1,raiment
1,rails
1,ragged
1,rag
1,rafters
1,rack-chamber
1,racing
1,raciest
1,quiver
1,quit
1,quickset
1,questions
1,querulous
1,quell
1,queerest
1,queer
1,quayside
1,quays
1,quay-sides
1,quay
1,quarries
1,quarrelling
1,qualm
1,quaking
1,putting
1,pushing
1,push
1,pursuing
1,pursuers
1,pursue
1,purring
1,purposes
1,purposeful
1,purpose
1,pure
1,purchases
1,punting
1,punt
1,punish
1,punctuated
1,punching
1,punch
1,pumped
1,pulsation
1,pulsated
1,pulsate
1,pulpy
1,puffed
1,pudding
1,puckered
1,public-houses
1,public-house
1,public
1,prudently
1,prows
1,provoking
1,provisions
1,prove
1,protest
1,protection
1,prospects
1,prospect
1,proprietor
1,proposal
1,propelled
1,prompt
1,promising
1,prolonged
1,progressive
1,progress
1,programme
1,profit
1,professional
1,productions
1,produced
1,prodding
1,probing
1,privilege
1,privations
1,prisons
1,prison-breaker
1,prints
1,prince
1,primitive
1,pricked
1,price
1,previous
1,preventing
1,prevail
1,pretending
1,presumably
1,preserves
1,presents
1,prepare
1,preparations
1,preoccupied
1,premonitions
1,prejudiced
1,preferred
1,preferences
1,precisely
1,precious
1,praying
1,practise
1,practice
1,practically
1,powdery
1,powder
1,poverty
1,pounds
1,pounding
1,pounded
1,pound
1,pottering
1,potter
1,potted
1,potatoes
1,pot-hats
1,posts
1,post-office
1,post-haste
1,possibilities
1,possessions
1,possession
1,positively
1,ports
1,porter
1,portentous
1,portcullis
1,porpoises
1,pored
1,populous
1,population
1,populated
1,popularity
1,populace
1,pop
1,poorly
1,poop-poop-poop
1,poop-p-p
1,pools
1,pooh
1,pony-chaise
1,ponds
1,pondering
1,pomp
1,polite
1,polishing
1,policeman
1,poked
1,poison
1,podgy
1,pocketful
1,pocket-book
1,plying
1,plunging
1,plunge
1,plumping
1,plumped-out
1,plumage
1,plum-cake
1,ploughed
1,plough
1,plentifully
1,plentiful
1,pleasures
1,pleasantest
1,plays
1,playmates
1,playful
1,play-acting
1,plausibility
1,platters
1,platform
1,plate-glass
1,plastered
1,plaster
1,plants
1,plan
1,plain-clothes
1,pitying
1,pitfalls
1,piteously
1,pitching
1,pitched
1,pitch-dark
1,pistol-barrel
1,piper
1,piped
1,pinions
1,pin
1,pimples
1,pilot
1,pillow-cases
1,pillow-case
1,pillars
1,pike
1,pigeon-house
1,pig-styes
1,piebald
1,picturesque
1,picture
1,picnic
1,pickles
1,picking
1,physical
1,phosphorescence
1,pheasants
1,phantom
1,pettifogging
1,pets
1,pervading
1,persuasion
1,persuaded
1,personage
1,person
1,persistent
1,persistence
1,permissively
1,perky
1,perished
1,period
1,perils
1,performers
1,perfectly
1,peremptory
1,perceived
1,pension
1,penniless
1,penitent
1,penitence
1,penetrated
1,pencilled
1,pencil-case
1,penalties
1,penalities
1,pen
1,pelted
1,peg
1,peevishly
1,peeping
1,peep
1,peasants
1,pearly
1,pearls
1,pealing
1,peal
1,pea-hens
1,pawed
1,pavements
1,pause
1,patterings
1,patrolling
1,paternally
1,pate
1,patched
1,patch
1,pat-pat-pat
1,pasty
1,pasture
1,passwords
1,passport
1,passengers
1,partridges
1,paroxysms
1,paroxysm
1,parlours
1,parlour-carpet
1,parents
1,parental
1,parapet
1,paralysed
1,panted
1,pans
1,panorama
1,panoply
1,panic-stricken
1,pangs
1,panels
1,pan-pipes
1,palings
1,palermo
1,painting
1,pail
1,pageant
1,paddling
1,paddles
1,packets
1,pacified
1,oxford
1,owners
1,owned
1,owl
1,owe
1,overwhelming
1,overtook
1,overtake
1,overstep
1,overshadow
1,overhung
1,overheard
1,overhear
1,overhanging
1,overboard
1,over-sea
1,over-ride
1,over-mastering
1,oven
1,outspread
1,outrage
1,outline
1,outing
1,out-of-the-way
1,ours
1,other-gripped
1,originally
1,original
1,origin
1,ordinary
1,orchard-trees
1,orchard
1,oratory
1,orange-red
1,oppressive
1,oppressing
1,oporto
1,opinion
1,openly
1,openings
1,ooo-ray-ooray-oo-ray-ooray
1,oo-ray
1,onset
1,one-tenth
1,one-pocketed
1,olive-woods
1,olive
1,old-time
1,oiled
1,oil-can
1,oho
1,officials
1,official
1,offices
1,office
1,offering
1,offences
1,off-season
1,odor
1,oddsbodikins
1,ocean-bound
1,ocean
1,occur
1,obtuseness
1,obstructing
1,observing
1,observant
1,oblivious
1,oblivion
1,obliterated
1,obligingly
1,objects
1,objections
1,obediently
1,obedient
1,oats
1,oatmeal
1,oarsman
1,oar
1,nymphs
1,nursing
1,nurses
1,nursed
1,nurse
1,number
1,nuisance
1,nudging
1,nudged
1,nowell
1,nourishing
1,notice-board
1,nothings
1,nothingness
1,nostrils
1,nosed
1,nosebags
1,norwegian
1,norway
1,northwards
1,northmen
1,northern
1,north-easter
1,north
1,noisome
1,noiselessly
1,noble
1,no-pocketed
1,nineteen
1,nightmare
1,nightcap
1,night-jars
1,night-fishings
1,nicest
1,nicely
1,nibble
1,newspaper
1,new-found
1,new-born
1,nevertheless
1,net
1,nestling
1,needed
1,necks
1,neatly-set
1,nations
1,nap
1,nagging
1,mysteriously
1,mutter
1,mutinously
1,mused
1,muse
1,muscular
1,muscle
1,murrain
1,murmurous
1,murmurings
1,munched
1,multiplied
1,mullion
1,mull
1,muddy
1,muddled
1,mouthfuls
1,mournful
1,motto
1,motorcar
1,motor-clothes
1,motor-boats
1,motley
1,motive
1,mother-weasels
1,moth-like
1,mortal
1,morrow
1,morocco
1,moreover
1,moping
1,moorhen
1,moored
1,moonless
1,moods
1,mood
1,monstrous
1,monotony
1,monotonous
1,monday
1,momentous
1,moderately
1,moaned
1,misunderstanding
1,mistrustfulness
1,mistrustful
1,mistaken
1,mist
1,missus
1,misguided
1,misfortune
1,miserably
1,mischievous
1,mirror
1,minutes-afterwards
1,minions
1,mines
1,minded
1,millionaire
1,mill-wheel
1,mill-house
1,milk
1,mile-long
1,milder
1,mightn
1,mightly
1,midwinter
1,midsummer
1,midmost
1,midday
1,mid-stream
1,mid-december
1,mid-day
1,mice
1,method
1,metalled
1,metal
1,messengers
1,merriment
1,merrily
1,merits
1,mentioned
1,mending
1,menacing
1,menaces
1,men-at-arms
1,members
1,member
1,melody
1,mellowed
1,mellow
1,melancholy
1,mediterranean
1,medieval
1,mechanical
1,measure
1,meanness
1,meaning
1,meandered
1,meals
1,meagre
1,may-flies
1,materials
1,match
1,mastiffs
1,masters
1,mastermind
1,masterful
1,massive
1,masses
1,mass
1,masquerade
1,masonry
1,mary
1,marvellously
1,marvellous
1,marrow
1,marks
1,marketplace
1,marked
1,mark
1,mariners
1,mariner
1,margin
1,marching
1,march
1,map
1,many-pocketed
1,mantelpiece
1,manners
1,mangle
1,mandoline
1,managing
1,malice
1,majesty
1,mainland
1,magically
1,magical
1,madly
1,madam
1,mackerel
1,macaroni
1,lyrical
1,luxury
1,luxuries
1,luxuriant
1,lustily
1,lush
1,lurid
1,lugged
1,luckily
1,loyalty
1,loyally
1,lowly
1,lowered
1,loudly
1,loss
1,losing
1,loosestrife
1,loose-strife
1,looped
1,loon
1,looking-glass
1,lookers-in
1,long-neglected
1,long-necked
1,long-forgotten
1,long-drawn
1,long-absent
1,loneliness
1,lone
1,london
1,log
1,loftily
1,loft
1,lodgings
1,lodge
1,locks
1,locket
1,locker
1,lock-keeper
1,loathsome
1,lizard-haunted
1,livelier
1,literally
1,listless
1,lisbon
1,liquid
1,lip
1,lingerings
1,liner
1,linen-presses
1,lined
1,limits
1,limb
1,lilting
1,liking
1,likeness
1,lightless
1,lighting
1,lightheartedly
1,lighthearted
1,lighted
1,light-hearted
1,light-headed
1,lifetime
1,lick
1,liberally
1,libel
1,lever
1,levelling
1,levant
1,lettering
1,letter
1,lessons
1,lent
1,lenient
1,leech
1,leathery
1,leather
1,leash
1,leafy
1,leafless
1,leaf-mould
1,leaf-carpet
1,lazy
1,lazily
1,lawyers
1,laws
1,lavender
1,laundry
1,laundering
1,laughs
1,laughing-stock
1,latticed
1,lateness
1,latch
1,lass
1,larder
1,lapping
1,lap
1,lanterns
1,languish
1,languidly
1,language
1,landing-stage
1,lamplight
1,lamp-lit
1,lamentations
1,lakes
1,lake
1,lagoons
1,lagging
1,lady-love
1,ladies-in-waiting
1,ladies
1,laden
1,ladders
1,lacking
1,laboriously
1,label
1,knowledge
1,knowed
1,knotting
1,knotted
1,knockings
1,knocked
1,knitted
1,knight
1,knife
1,knee
1,kitchens
1,kitchener
1,kitchen-gardens
1,kiss
1,kingfishers
1,kingdom
1,killed
1,kids
1,keyhole
1,kettles
1,kettle
1,keenly
1,keen-featured
1,k-i-ck-ck-ck
1,june
1,jumpy
1,jugs
1,judgments
1,judging
1,joyously
1,journey-money
1,journey
1,jotted
1,joseph
1,jolliest
1,jokes
1,joins
1,joining
1,jockeying
1,jobs
1,jigs
1,jigging
1,jigged
1,jib
1,jersey
1,jerkin
1,jerk
1,jelly
1,jeers
1,jeeringly
1,jealously
1,jawed
1,jaunt
1,jars
1,jams
1,jammed
1,jam
1,jacket
1,ix
1,iv
1,italy
1,italian
1,irrevocable
1,irresponsible
1,irredeemable
1,ironing
1,involved
1,invite
1,invisible
1,invincible
1,investigating
1,invasions
1,introduction
1,introducing
1,intimately
1,interview
1,intervened
1,interval
1,intermittent
1,intermediate
1,interferes
1,inter
1,intentness
1,intelligence
1,intellect
1,insulting
1,insulted
1,instrument
1,instructions
1,instructed
1,institution
1,instincts
1,inspiriting
1,inspiring
1,inspire
1,inspection
1,inspected
1,insist
1,insides
1,insect-haunted
1,insatiable
1,inquiries
1,innocents
1,innermost
1,inner
1,inmates
1,injured
1,injunctions
1,inhabitants
1,inform
1,infants
1,infamously
1,inexperienced
1,inevitable
1,indulge
1,indistinctly
1,indignation
1,indignantly
1,indignant
1,indifferent
1,indifference
1,independence
1,indecision
1,incredulous
1,incorrigible
1,inconveniently
1,inciting
1,incidents
1,inches
1,inch
1,incautiously
1,incapable
1,inadvertently
1,inadequate
1,imps
1,improvised
1,improving
1,improve
1,impromptu
1,imprints
1,imposing
1,imposed
1,impose
1,imploringly
1,implored
1,impertinence
1,impending
1,impeded
1,impatience
1,impa-tiently
1,immured
1,imminent
1,immensely
1,imagining
1,imaginative
1,imaginary
1,image
1,illustrations
1,illuminated
1,ill-humour
1,ill-fated
1,iii
1,ii
1,ignominiously
1,idling
1,idiots
1,ideas
1,icy
1,hustled
1,hussies
1,hushed
1,hush
1,husband
1,hurrying
1,hurdles
1,hunting-grounds
1,humps
1,humped
1,humourously
1,humourous
1,hummocks
1,hummed
1,humility
1,humiliating
1,humbugging
1,humbugged
1,humbug
1,humbled
1,humane
1,hugging
1,huff
1,hues
1,huddling
1,huddled
1,hove
1,housekeeping
1,housekeeper
1,household
1,house-boating
1,hotly
1,hote
1,hospitably
1,hospitable
1,horribly
1,horns
1,horn
1,hoping
1,hopeful
1,hoped
1,hop
1,hooves
1,hooray-oo-ray-oo-ray
1,hooked
1,hook-and-eye
1,hoof-marks
1,hoo-ray
1,honeycomb
1,homing
1,homes
1,home-sickness
1,home-sick
1,home-made
1,holy
1,hollows
1,hollow-sounding
1,holds
1,hold-all
1,hoisting
1,hoisted
1,hoist
1,hobbled
1,history-books
1,hired
1,hints
1,hinted
1,hint
1,hind-leg
1,hilly
1,hillside
1,hillocky
1,highways
1,highwaymen
1,highly
1,highest
1,higher
1,high-backed
1,hiding
1,hideous
1,hi
1,hewn
1,hesitating
1,hesitate
1,hers
1,herons
1,heroic
1,herbs
1,herb-borders
1,heraldings
1,hen-house
1,hemmed
1,helmets
1,helmet
1,height
1,heedless
1,heeding
1,hedge-row
1,heaving
1,heavily
1,heaven-born
1,heats
1,heath
1,heater
1,heartstrings
1,heartrending
1,hearthrug
1,hearth-rug
1,hearth
1,heartening
1,heart-sore
1,hearken
1,hearing
1,hearer
1,heaped
1,healer
1,headstrong
1,hazardous
1,haymaking
1,have-happened-had-i-only-thought-of-it-in-time-instead-of-ten
1,haunts
1,haul
1,haughty
1,hatred
1,hatful
1,hated
1,hatches
1,hat-stand
1,hat-box
1,hat
1,hastily
1,hastened
1,harvesters
1,harvest-mice
1,harsh
1,harp
1,harnessed
1,harness
1,hark
1,hares
1,hare-brained
1,hardships
1,hardest
1,hardened
1,hard-eyed
1,hangers-on
1,handling
1,handle
1,handiwork
1,handcuffed
1,hams
1,hammer
1,halted
1,halls
1,hall-chair
1,half-way
1,half-turn
1,half-smile
1,half-sheets
1,half-regretting
1,half-hour
1,half-forgotten
1,half-finished
1,half-dozing
1,half-circle
1,half-buried
1,half-an-hour
1,hairbrush
1,hailing
1,hackney
1,habitations
1,habit
1,habiliments
1,h
1,gust
1,gurgled
1,gurgle
1,gunwale
1,gulls
1,gulf
1,guitar
1,guineas
1,guinea-fowls
1,guilty
1,guilt
1,guiding
1,guidance
1,guess
1,guava
1,guards
1,guardrooms
1,guardroom
1,guardians
1,grunted
1,grumbled
1,gruff
1,grudging
1,grudged
1,growth
1,grows
1,group
1,grounds
1,groaned
1,gripping
1,grinned
1,grinding
1,grimmest
1,grief
1,greybeard
1,grey-green
1,grey-gabled
1,greenness
1,grecian
1,greatest
1,greasy
1,gravelly
1,gravelled
1,gravel
1,gratified
1,gratification
1,grassy
1,grasses
1,grasping
1,gras
1,grappling
1,grappled
1,granted
1,grammar
1,grabbed
1,grab
1,gothic
1,gossiping
1,gorse
1,goodnatured
1,goodman
1,good-tempered
1,good-nature
1,good-looking
1,good-humouredly
1,good-day
1,gondolas
1,gondola
1,golf-links
1,gold-fish
1,goings
1,goggles
1,goddess
1,goal
1,glow-worm
1,gloves
1,glittered
1,glistening
1,glints
1,glinting
1,glint
1,glimpses
1,glee
1,gleams
1,gleamed
1,glazed
1,gipsies
1,gingerly
1,giggle
1,ghost
1,ghastly
1,gesticulating
1,german
1,genuine
1,gents
1,gentry
1,gentle
1,geniuses
1,generous
1,generalship
1,general
1,gemmed
1,geese
1,gazed
1,gavotte
1,gauntleted
1,gathers
1,gatherings
1,gateway
1,gates
1,gassing
1,gasping
1,gasp
1,gas
1,garnered
1,garlic
1,garibaldi
1,gardens
1,gardening
1,garden-seat
1,garden-plot
1,garden-chair
1,gaps
1,gape
1,gap
1,gaol-birds
1,games
1,galloping
1,galley
1,gales
1,gagged
1,fusty
1,fury
1,furthest
1,furrowed
1,furrow
1,furniture
1,furnished
1,furnace
1,furiously
1,funguses
1,functions
1,fuming
1,fulness
1,fullness
1,fuller
1,full-fed
1,full-bodied
1,fulfilling
1,fuel
1,frying
1,frustrated
1,frozen
1,frowning
1,front-door
1,frolic
1,fro
1,fringe
1,friendships
1,friday
1,freshwater
1,freshness
1,freshets
1,freshened
1,frequently
1,frenzied
1,freedom
1,framed
1,fragrant
1,fragrance
1,fractious
1,fraction
1,foxes
1,fox
1,fourteenth
1,foundation
1,forty
1,fortunes
1,fortune
1,fortunately
1,fortress
1,forsaking
1,forming
1,formerly
1,formal
1,forlornly
1,forgot
1,forgive
1,forges
1,foresail
1,forepaws
1,foremost
1,forelocks
1,foreigner
1,forehead
1,forefathers
1,forecourt
1,forecastings
1,forebore
1,fore-leg
1,fore-feet
1,forbearance
1,forbade
1,foraged
1,forage
1,footstep
1,footsore
1,footfall
1,fools
1,foolishly
1,foolish
1,follows
1,fold
1,foie
1,fog
1,foamy
1,foam-streaks
1,foam-streaked
1,foam
1,fly-leaf
1,flutter
1,flustered
1,flushed
1,fluffy
1,flower-decked
1,flow
1,flourishing
1,flourished
1,floundering
1,flop
1,flood-water
1,floated
1,flittings
1,flitting
1,flit
1,flights
1,flight
1,flickered
1,fleet
1,flapped
1,flame
1,flags
1,flagon
1,flag
1,fixity
1,fixing
1,fittings
1,fitting
1,fits
1,fitments
1,fitly
1,fist
1,fishings
1,fisherman
1,fished
1,fish-pond
1,fish
1,firesides
1,fired
1,fire-lit
1,finishing
1,fingering
1,finger
1,fines
1,finery
1,filling
1,file
1,filament
1,figures
1,fights
1,fighter
1,fifty
1,fiftieth
1,fifteen
1,fierceness
1,fierce
1,fieldmice
1,fidgety
1,fidgeted
1,fiction
1,ferns
1,fern
1,fender
1,female
1,feelings
1,feed
1,february
1,features
1,feathered
1,feasted
1,feast
1,fearless
1,fearing
1,feared
1,favourite
1,fatigues
1,fatigue
1,fates
1,fatal
1,fastening
1,fashion
1,fascination
1,fascinating
1,farthest
1,farmyard
1,farmstead
1,farmer
1,farm-buildings
1,farewells
1,fare
1,far-away
1,fanciful
1,families
1,fame
1,faltering
1,faltered
1,fallow
1,fairy
1,fainter
1,faint-hearted
1,fails
1,failing
1,faery
1,fads
1,fades
1,faded
1,fad
1,facts
1,faced
1,face-beamed
1,extract
1,extent
1,express
1,expose
1,exploring
1,explore
1,exploration
1,experiment
1,experienced
1,expectancy
1,expatiate
1,expanding
1,exists
1,existence
1,exist
1,exhilarating
1,exercise
1,executing
1,excuse
1,excursionists
1,exclusively
1,excitements
1,excitedly
1,exchange
1,exceptionally
1,exception
1,excellently
1,exceeding
1,exasperating
1,example
1,exaggeration
1,evil-minded
1,evidence
1,everlasting
1,event
1,evensong
1,evasively
1,evasions
1,evaporated
1,eternally
1,escaping
1,errors
1,error
1,errant
1,erection
1,erect
1,epitome
1,enwrapped
1,envy
1,enveloping
1,entrancing
1,entrance-hall
1,entice
1,enthralled
1,entertainment
1,ensued
1,enraptured
1,enquiries
1,enlist
1,enjoyment
1,enjoy
1,engraved
1,engagements
1,engagement
1,energies
1,enduring
1,endurance
1,ends
1,endless
1,ending
1,endeavoured
1,encumbered
1,encouraging
1,encountered
1,encircled
1,encased
1,enable
1,en
1,empty
1,empress
1,employ
1,emphatically
1,emotions
1,emitting
1,emergencies
1,emerged
1,embracing
1,embraced
1,embodied
1,embers
1,embarking
1,embankment
1,emancipated
1,eloquent
1,elm
1,eligible
1,elegant
1,elderly
1,elbow-deep
1,eight
1,egg-spoon
1,egg-shells
1,egg-cup
1,eels
1,education
1,eddies
1,ecstasy
1,ecstasies
1,ecstacies
1,eaves
1,eastwards
1,easterly
1,easier
1,earthy
1,earthwards
1,earths
1,earthly
1,earth-heaps
1,earth-dwelling
1,eagerness
1,dwindles
1,dwindled
1,dwichespottedmeatgingerbeerlemonadesodawater
1,dwelling-place
1,dwellers
1,dutifully
1,dustiest
1,dusters
1,dusted
1,dust-clouds
1,dusky
1,dumped
1,dull-witted
1,dull-edged
1,dulce
1,duffer
1,ducking
1,ducked
1,duck-weed
1,drums
1,drowsily
1,droning
1,drinks
1,dressing-table
1,dressing-room
1,dressing-gowns
1,dress-baskets
1,dreary
1,dreaming
1,dreamful
1,dream-rivers
1,dream-canals
1,drawings
1,drawing-room
1,drawbridge
1,drapery
1,drakes
1,drains
1,draining
1,drained
1,dragging
1,drab
1,doze
1,downstairs
1,downright
1,double
1,dotes
1,dote
1,dot
1,dormant
1,doorways
1,doormat
1,door-mats
1,door-latch
1,donkey
1,domum
1,dominoes
1,dominant
1,dolorously
1,doleful
1,dogging
1,doggedly
1,dog-rose
1,dodgings
1,dodges
1,doctors
1,dock-leaves
1,dock
1,dizzy
1,diverted
1,ditty
1,disturbing
1,disturbed
1,disturb
1,district
1,distributing
1,distressful
1,distress
1,distracted
1,distinguishes
1,distinguished
1,distinctly
1,distinction
1,distilling
1,disreputable-looking
1,disregarding
1,disregarded
1,disporting
1,displaying
1,dispirited
1,dispersing
1,dispelled
1,dispatched
1,disobedience
1,dismissing
1,dismally
1,dish-clout
1,dish
1,disgusted
1,disgust
1,disguises
1,disgracefully
1,disgraceful
1,disembarked
1,discussion
1,discussing
1,discussed
1,discuss
1,discreetly
1,discreet
1,discourse
1,discontent
1,discomfort
1,disclosed
1,disc
1,disarmed
1,disappoint
1,disappearing
1,disappear
1,disagreeable
1,directly
1,direct
1,dipping
1,diplomatically
1,dinner-party
1,dinner-parties
1,dimensions
1,dignity
1,dignified
1,diffident
1,dies
1,die-hards
1,devoured
1,devoted
1,devote
1,devon
1,detestable
1,detectives
1,detected
1,detain
1,detached
1,destroyer
1,destined
1,destination
1,despondently
1,despondent
1,desperation
1,despairingly
1,desired
1,desire
1,desirable
1,deserving
1,deserve
1,desert
1,describing
1,derive
1,depressing
1,deposited
1,departure
1,departed
1,deny
1,dense
1,demi-god
1,demand
1,dells
1,deliver
1,delightful
1,delightedly
1,delicious
1,delicately
1,delicacies
1,deliberation
1,delaying
1,deepest
1,deepening
1,deep-toned
1,deep-sea
1,deeds
1,decoying
1,declare
1,decidedly
1,decide
1,deceptions
1,decently
1,decent-minded
1,decent-looking
1,decent
1,debris
1,deathless
1,death-or-glory
1,death
1,dealt
1,deals
1,dealing
1,deaf
1,deadened
1,de
1,dazzled
1,daybreak
1,day-long
1,dating
1,date
1,darting
1,darted
1,darkly
1,darkest
1,daren
1,dank
1,dandled
1,dances
1,dairy
1,dabchicks
1,dabbling
1,cutting-out
1,cutting
1,cuts
1,cutlasses
1,customers
1,curves
1,curved
1,curve
1,curtains
1,curtained
1,curled
1,cups
1,cupboard
1,cunning
1,culverts
1,cultivated
1,cuffed
1,cuff
1,cudgels
1,crumpled
1,crumbs
1,crumb
1,crowd
1,crouch
1,cross
1,cropping
1,criticism
1,criticising
1,criticise
1,cripple
1,crinkly
1,crimp
1,cries
1,crested
1,creepers
1,credit
1,creatures
1,creature
1,creation
1,creaked
1,craze
1,crawly
1,cravings
1,craving
1,craves
1,crammed
1,crack
1,crab-apple
1,cowering
1,cowed
1,cow-sheds
1,courtyards
1,courtyard
1,courts
1,courtesy
1,court
1,couples
1,coupled
1,country-wards
1,countenances
1,count
1,couch
1,cottages
1,cos
1,corselet
1,corsair
1,corridor
1,correctly
1,corrected
1,correct
1,cornwall
1,cornfields
1,cornered
1,corks
1,cordials
1,copse
1,coolness
1,cooking-stove
1,conviction
1,convict
1,convert
1,conventional
1,convent
1,conveniently
1,conveniences
1,contriving
1,contrition
1,continuous
1,continuing
1,continually
1,contest
1,contentedly
1,content
1,contend
1,contemptuously
1,contemptuous
1,contemplating
1,containing
1,consummate
1,consultation
1,considerate
1,conservatory
1,consequently
1,consequences
1,consenting
1,consent
1,consciousness
1,conquered
1,conjured
1,congratulate
1,confusion
1,confronted
1,conflict
1,confiscated
1,conducting
1,condition
1,concluded
1,concerned
1,concealment
1,comradeships
1,comradeship
1,compulsion
1,compositions
1,composer
1,composedly
1,completed
1,complaining
1,complained
1,compensated
1,compelled
1,comparing
1,compare
1,comparatively
1,comparative
1,companionship
1,communing
1,communications
1,communicating
1,commit
1,comment
1,commends
1,commendations
1,commanded
1,comfrey
1,comforters
1,comfortable-looking
1,comely
1,combined
1,combed
1,colours
1,colouring
1,college
1,collected
1,collar
1,coldtonguecoldhamcoldbeefpickledgherkinssaladfrenchrollscresssan
1,coldness
1,coin
1,cocky
1,cockle-shells
1,cockle-shell
1,cocked
1,coaxingly
1,coaxing
1,coaxed
1,coatsleeves
1,coasts
1,coasted
1,coarse
1,coal-dust
1,coaching
1,coach-house
1,coach-and-four
1,coach
1,clutched
1,clustering
1,cloud-drift
1,clothed
1,clothe
1,closer
1,cloops
1,cloop
1,clinking
1,clings
1,climbing
1,clicking
1,clicked
1,click
1,cleverly
1,clev
1,clearness
1,clearest
1,clear-starching
1,clattered
1,clatter
1,classic
1,clasped
1,clash
1,clapped
1,clangorous
1,clammy
1,claimed
1,citizens
1,cistern
1,circumstances
1,circumscribed
1,circlings
1,churning
1,chuckled
1,chuckle
1,christmas
1,chord
1,choking
1,choice
1,chivalry
1,chirruped
1,china-cupboards
1,china
1,chimney-corners
1,chimney-corner
1,chilly
1,chilled
1,childish
1,childhood
1,chilblains
1,chiefly
1,chickens
1,chewed
1,cherry
1,cheery
1,cheerless
1,cheeking
1,cheap
1,chattering
1,chattered
1,chatted
1,chase
1,charm
1,chariot
1,chapter
1,chanty
1,channel
1,champagne
1,chambers
1,chair-legs
1,chaffing
1,certainty
1,century
1,cellars
1,cellarage
1,cellar-door
1,cellar
1,celery
1,celebrate
1,ceiling
1,ceasing
1,ceaselessly
1,caution
1,caustic
1,category
1,catch-words
1,cat
1,casquet
1,cask
1,casements
1,carrots
1,carries
1,carriage
1,carpets
1,carousing
1,carols
1,carol-singing
1,caring
1,caricatures
1,caressingly
1,caressing
1,caress
1,caravans
1,captivating
1,capstan
1,caps
1,capricious
1,canopied
1,cannon
1,candlesticks
1,candlestick
1,candles
1,candid
1,canary-yellow
1,canary
1,canaries
1,canals
1,camps
1,camping
1,camped
1,calmly
1,calls
1,callous
1,cakes
1,cajole
1,caique
1,cab
1,by-ways
1,by-paths
1,by-lanes
1,by-gone
1,buy
1,bustled
1,bustle
1,bushy
1,bush
1,bus
1,burying
1,burton
1,burrow
1,burnt
1,burned
1,burly
1,burdensome
1,bundle
1,bunch
1,bulrushes
1,bulging
1,building
1,buggins
1,budged
1,budding
1,bubblings
1,bubble-and-squeak
1,brushwood
1,brushes
1,brush-up
1,brunt
1,bruised
1,browning
1,brotherly
1,brooms
1,brooding
1,brokenly
1,bristling
1,briskly
1,brings
1,brimming
1,brilliant
1,brightness
1,brighten
1,brief
1,bridle-paths
1,brewed
1,brew
1,breezes
1,breeding
1,breeches
1,breathing
1,breathed
1,breath-snatching
1,breaks
1,breaking
1,breakfasts
1,breakfasting
1,breakfasted
1,breakfast-room
1,breakers
1,breadth
1,brazen
1,brawny
1,bravo
1,brass
1,brandishing
1,brand-new
1,brambles
1,brains
1,brackets
1,brace
1,boyish
1,box
1,bowsprit
1,bows
1,bowls
1,bowling
1,bowled
1,bow
1,bounded
1,boundaries
1,bough
1,boudoir
1,bottled
1,bottle
1,bothering
1,borrowed
1,bored
1,border
1,bordeaux
1,boots
1,bookshelves
1,books
1,booking-office
1,bolted
1,bolt-holes
1,bolt
1,boles
1,bolder
1,boisterously
1,boisterous
1,boiled
1,body-guard
1,bodies
1,bobbing
1,boatloads
1,boathouse
1,boat-hooks
1,boasting
1,boastful
1,boasted
1,boards
1,boarders
1,blustering
1,blushed
1,blush
1,blunt
1,blues
1,blown
1,bloods
1,blood-horses
1,blob
1,blithesome
1,blissfully
1,blissful
1,blinking
1,blinds
1,blindfold
1,blinded
1,blessed
1,blend
1,bled
1,blazing
1,blast
1,blankly
1,blanket
1,blaming
1,blame
1,blacksmith
1,bitterness
1,biting
1,birthday
1,bird-haunted
1,birch
1,bills
1,billowy
1,billiard-room
1,bijo
1,bigger
1,bewitching
1,bewitched
1,betters
1,betrayed
1,bestowed
1,bestow
1,best-guarded
1,beseeching
1,benison
1,beneath
1,belt-for-the-toad
1,belongs
1,bellying
1,bells
1,belabouring
1,behold
1,beguile
1,beginnings
1,begged
1,beggars
1,beggar
1,beforehand
1,befell
1,befall
1,bees
1,beer-mugs
1,beer-bottles
1,beer
1,beef
1,beech-mast
1,bee-line
1,bedside
1,bedrooms
1,bedclothes
1,bedchamber
1,bed-clothes
1,becoming
1,beckons
1,beckon
1,beautifully
1,beasts
1,bearing
1,bearded
1,beans
1,beams
1,beaming
1,beamed
1,beam
1,beak
1,beady
1,bays
1,baulked
1,battering
1,bathing
1,bathed
1,basking
1,basketful
1,bashful
1,basement
1,basely
1,based
1,base
1,bars
1,barriers
1,barren
1,bark
1,bargewoman
1,barge-horse
1,bargain
1,barbary
1,bar
1,banqueted
1,bankrupt
1,bandages
1,band
1,balmy
1,ballad
1,ball
1,balance
1,baggily
1,baggage
1,bag
1,baffled
1,backyard
1,backward
1,backsliding
1,backing
1,background
1,back-talk
1,baccy
1,babble
1,awkward
1,awaken
1,awake
1,avidity
1,autumn
1,authentic
1,august
1,aught
1,audience
1,audacious
1,attraction
1,attracted
1,attract
1,attentively
1,attending
1,attempted
1,attained
1,attacking
1,attached
1,attach
1,athwart
1,asunder
1,astonishment
1,assuring
1,assuaged
1,assist
1,assigned
1,assessors
1,assert
1,assembling
1,assailed
1,asperities
1,aspens
1,aside
1,artifice
1,articulate
1,artfulness
1,artfullest
1,arriving
1,arraying
1,arrayed
1,arranging
1,aroused
1,army
1,armfuls
1,armful
1,armchairs
1,arm-spread
1,arm-in-arm
1,arm-chairs
1,ark
1,argument
1,arduous
1,ardour
1,architecture
1,arches
1,aquamarine
1,apron
1,apricot
1,appurtenance
1,approximately
1,approach
1,appreciative
1,appreciated
1,appreciate
1,applauded
1,appeased
1,appeals
1,appealingly
1,apparel
1,apology
1,apiece
1,anyway
1,anyone
1,anxiety
1,antimacassar
1,antics
1,anticipations
1,anticipated
1,answering
1,answerable
1,anon
1,annual
1,annoys
1,annoyed
1,animal-friends
1,anguish
1,angles
1,angered
1,angels
1,anecdote
1,anchored
1,anchor-chain
1,ancestor
1,amusing
1,amuses
1,amusements
1,amuse
1,amidst
1,amiable
1,ambled
1,amble
1,amazement
1,amazed
1,alternating
1,altar
1,allude
1,allowances
1,allowanced
1,allow
1,alike
1,alder
1,alassio
1,airs
1,aired
1,aimless
1,aided
1,aid
1,aground
1,agreed
1,agreeably
1,ageing
1,afterdinner
1,after-lives
1,after-career
1,afresh
1,afield
1,affrighted
1,affably
1,advanced
1,advance
1,adriatic
1,adopted
1,admission
1,admiring
1,admired
1,admiration
1,admirable
1,addressing
1,additional
1,addition
1,adding
1,actor
1,activity
1,active
1,actions
1,action
1,acting
1,acted
1,acreage
1,acre
1,acknowledgments
1,ached
1,accoutrement
1,accounted
1,accordance
1,accomplished
1,accompany
1,accommodations
1,accepts
1,accepting
1,abuse
1,absorbing
1,absolute
1,abruptly
1,abreast
1,ability
1,abhorrence
1,abandonment
1,abandon
1,a-waiting
1,a-twittering
1,a-shiver
1,a-shake
1,a-quiver
1,a-carolling
